<?xml version="1.0"?>
<presentation title="Presentation1" width="960.0000000" height="540.0000000" thmbWidth="78.0000000" thmbHeight="44.0000000" frameRate="24.0000000" looping="0" startingSlideShow="" pptVersion="2016" type="compound" hasExternalAudio="0" uid="{DE66AF65-C477-4B66-9EC0-8D2B46FC87D6}">
	<presenters/>
	<references/>
	<soundAssets>
		<soundAsset id="sndAsset0" src="sound1.mp3" embedded="0" size="7255" duration="1202"/>
	</soundAssets>
	<sharedAssetsLibrary src="assets.swf"/>
	<graphicAssets>
		<graphicAsset id="imgAsset0" src="thmb1.swf" embedded="0"/>
		<graphicAsset id="imgAsset1" src="thmb2.swf" embedded="0"/>
		<graphicAsset id="imgAsset2" src="thmb3.swf" embedded="0"/>
		<graphicAsset id="imgAsset3" src="thmb4.swf" embedded="0"/>
	</graphicAssets>
	<playlists/>
	<narration/>
	<settings>
		<navigation>
			<keyboard enabled="1">
				<actions>
					<action name="playPause">
						<shortcut code="32" control="0" shift="0"/>
					</action>
					<action name="nextSlide">
						<shortcut code="34" control="0" shift="0"/>
					</action>
					<action name="previousSlide">
						<shortcut code="33" control="0" shift="0"/>
					</action>
					<action name="nextStep">
						<shortcut code="13" control="0" shift="0"/>
					</action>
					<action name="previousStep">
						<shortcut code="13" control="0" shift="1"/>
					</action>
					<action name="firstSlide">
						<shortcut code="36" control="1" shift="0"/>
					</action>
					<action name="lastSlide">
						<shortcut code="35" control="1" shift="0"/>
					</action>
					<action name="lastViewedSlide">
						<shortcut code="8" control="0" shift="0"/>
					</action>
					<action name="slideStart">
						<shortcut code="36" control="0" shift="0"/>
					</action>
					<action name="slideEnd">
						<shortcut code="35" control="0" shift="0"/>
					</action>
					<action name="seekForward">
						<shortcut code="39" control="0" shift="0"/>
					</action>
					<action name="seekBackward">
						<shortcut code="37" control="0" shift="0"/>
					</action>
					<action name="volumeUp">
						<shortcut code="38" control="0" shift="0"/>
					</action>
					<action name="volumeDown">
						<shortcut code="40" control="0" shift="0"/>
					</action>
					<action name="toggleFullscreen">
						<shortcut code="70" control="1" shift="0"/>
					</action>
				</actions>
			</keyboard>
			<mouse enabled="1" target="step"/>
			<gesture zoom="1"/>
		</navigation>
		<skin>
			<currentTemplate id="FULL"/>
			<colorSettings>
				<color id="button.content.normal">#FFFFFF</color>
				<color id="button.content.over">#FFFFFF</color>
				<color id="button.face.normal">#777777</color>
				<color id="button.face.over">#575757</color>
				<color id="companyLogo.background">#FFFFFF</color>
				<color id="hyperlink">#097CE7</color>
				<color id="listItem.face.over">#E8E8E8</color>
				<color id="listItem.face.pressed">#6E6E6E</color>
				<color id="listItem.label.over">#000000</color>
				<color id="listItem.label.pressed">#FFFFFF</color>
				<color id="listItem.label.visited">#A1A1A1</color>
				<color id="page.background">#8A8A8A</color>
				<color id="panel.background">#F7F7F7</color>
				<color id="panel.text">#323232</color>
				<color id="player.background">#D4D4D4</color>
				<color id="popup.background">#FFFFFF</color>
				<color id="progress.background">#6E6E6E</color>
				<color id="progress.loading">#D0D0D0</color>
				<color id="progress.playback">#A1A1A1</color>
				<color id="text">#4D4D4D</color>
			</colorSettings>
			<controlPanelSettings>
				<visible>true</visible>
				<showOutline>false</showOutline>
				<showPlayPause>true</showPlayPause>
				<showRewind>true</showRewind>
				<showVolumeControl>true</showVolumeControl>
				<showCCButton>false</showCCButton>
				<showPrevButton>true</showPrevButton>
				<showNextButton>true</showNextButton>
				<showSlideOnlyButton>true</showSlideOnlyButton>
				<progressBar>
					<visible>true</visible>
					<enabled>true</enabled>
					<showLabels>true</showLabels>
					<mode>slideTimeline</mode>
				</progressBar>
				<navigationMode>bySlides</navigationMode>
			</controlPanelSettings>
			<titlePanelSettings>
				<showLogo>false</showLogo>
				<visible>true</visible>
				<buttons>
					<button type="attachments" visible="true"/>
					<button type="presenterInfo" visible="true"/>
					<button type="markerTools" visible="true"/>
					<button type="notes" visible="false"/>
					<button type="outline" visible="false"/>
				</buttons>
			</titlePanelSettings>
			<outlinePanelSettings>
				<numberEntries>true</numberEntries>
				<highlightViewedEntries>true</highlightViewedEntries>
				<thumbnails>true</thumbnails>
				<search>true</search>
				<multilevel>true</multilevel>
			</outlinePanelSettings>
			<sidePanelSettings>
				<showAtLeft>false</showAtLeft>
				<showLogo>false</showLogo>
				<showPresenterInfo>false</showPresenterInfo>
				<showPresenterVideo>true</showPresenterVideo>
				<visible>true</visible>
				<tabsPanel>
					<showOutline>true</showOutline>
					<showNotes>true</showNotes>
				</tabsPanel>
			</sidePanelSettings>
		</skin>
		<appearance fullScreen="1" showSlidePreloader="1"/>
		<playback autoStart="1" syncWithVideoNarration="1" enableVideoControl="1" resumePresentationPlayback="never"/>
	</settings>
	<slides embedded="0">
		<slide index="0" title="" titleNormalized="" src="slide1.swf" size="478666" advanceOnTime="0" framesCount="1" hasEmbeddedFlashClip="0" hidden="0" level="0" advanceOnClick="1" thumbnailAssetId="imgAsset0">
			<sounds/>
			<videos/>
			<transitionEffect name="" duration="0.0000000" soundId="" looped="0"/>
			<soundCommands/>
			<videoCommands/>
			<animationSteps>
				<step start="0" end="0" playTime="0.0010000" pauseTime="0.0000000"/>
			</animationSteps>
			<notes/>
			<notesNormalized/>
			<notesHtml/>
			<text>At 
SCHOOL</text>
		</slide>
		<interaction index="1" title="" titleNormalized="" src="intr1.swf" size="392524" advanceOnTime="0" framesCount="1" hasEmbeddedFlashClip="0" hidden="0" level="0" thumbnailAssetId="imgAsset1" embedded="0">
			<transitionEffect name="" duration="0.0000000" soundId="" looped="0"/>
			<animationSteps>
				<step start="0" end="0" playTime="0.0010000" pauseTime="0.0000000"/>
			</animationSteps>
			<notes/>
			<notesNormalized/>
			<notesHtml/>
		</interaction>
		<slide index="2" title="" titleNormalized="" src="slide3.swf" size="452549" advanceOnTime="0" framesCount="13" hasEmbeddedFlashClip="0" hidden="0" level="0" advanceOnClick="1" thumbnailAssetId="imgAsset2">
			<sounds>
				<sound id="sound0" soundAssetId="sndAsset0" hasTriggerEffects="1" slides="1" repeat="1" volume="0.8000000" effect="0"/>
			</sounds>
			<videos/>
			<transitionEffect name="ShapeCircle" duration="0.8000000" soundId="" looped="0"/>
			<soundCommands/>
			<videoCommands/>
			<animationSteps>
				<step start="0" end="12" playTime="0.5000000" pauseTime="0.0000000"/>
			</animationSteps>
			<notes/>
			<notesNormalized/>
			<notesHtml/>
			<text>Who is this ?
R
E
E
H
T
C
A</text>
		</slide>
		<slide index="3" title="" titleNormalized="" src="slide4.swf" size="544400" advanceOnTime="0" framesCount="20" hasEmbeddedFlashClip="0" hidden="0" level="0" advanceOnClick="1" thumbnailAssetId="imgAsset3">
			<sounds/>
			<videos/>
			<transitionEffect name="ShapeCircle" duration="0.8000000" soundId="" looped="0"/>
			<soundCommands/>
			<videoCommands/>
			<animationSteps>
				<step start="0" end="19" playTime="0.7916667" pauseTime="0.0000000"/>
			</animationSteps>
			<notes/>
			<notesNormalized/>
			<notesHtml/>
			<text>I’M A …….
Student
Doctor
Vice Principal 
Pupil</text>
		</slide>
	</slides>
</presentation>
