<?xml version="1.0"?>
<presentation title="bt04" width="960.0000000" height="540.0000000" thmbWidth="78.0000000" thmbHeight="44.0000000" frameRate="24.0000000" looping="0" startingSlideShow="" pptVersion="2016" type="compound" hasExternalAudio="0" uid="{DF8EE523-D477-414D-BB9F-680F477DAF82}">
	<presenters/>
	<references/>
	<soundAssets>
		<soundAsset id="sndAsset0" src="sound1.mp3" embedded="0" size="33273" duration="2769"/>
		<soundAsset id="sndAsset1" src="sound2.mp3" embedded="0" size="55216" duration="4598"/>
		<soundAsset id="sndAsset2" src="sound3.mp3" embedded="0" size="1926" duration="157"/>
		<soundAsset id="sndAsset3" src="sound4.mp3" embedded="0" size="49260" duration="4101"/>
		<soundAsset id="sndAsset4" src="sound5.mp3" embedded="0" size="13838" duration="1149"/>
		<soundAsset id="sndAsset5" src="sound6.mp3" embedded="0" size="28571" duration="2377"/>
		<soundAsset id="sndAsset6" src="sound7.mp3" embedded="0" size="56626" duration="9430"/>
		<soundAsset id="sndAsset7" src="sound8.mp3" embedded="0" size="71202" duration="11860"/>
	</soundAssets>
	<sharedAssetsLibrary src="assets.swf"/>
	<graphicAssets>
		<graphicAsset id="imgAsset0" src="thmb1.swf" embedded="0"/>
		<graphicAsset id="imgAsset1" src="thmb2.swf" embedded="0"/>
		<graphicAsset id="imgAsset2" src="thmb3.swf" embedded="0"/>
	</graphicAssets>
	<playlists/>
	<narration>
		<audioTracks>
			<audioTrack volume="1.0000000" soundAssetId="sndAsset6">
				<startTimestamp slideIndex="0" stepIndex="0" timeOffset="0.6000000"/>
				<endTimestamp slideIndex="0" stepIndex="5" timeOffset="2.1760002"/>
			</audioTrack>
			<audioTrack volume="1.0000000" soundAssetId="sndAsset7">
				<startTimestamp slideIndex="2" stepIndex="0" timeOffset="0.3160000"/>
				<endTimestamp slideIndex="2" stepIndex="7" timeOffset="1.2780000"/>
			</audioTrack>
		</audioTracks>
	</narration>
	<settings>
		<navigation>
			<keyboard enabled="1">
				<actions>
					<action name="playPause">
						<shortcut code="32" control="0" shift="0"/>
					</action>
					<action name="nextSlide">
						<shortcut code="34" control="0" shift="0"/>
					</action>
					<action name="previousSlide">
						<shortcut code="33" control="0" shift="0"/>
					</action>
					<action name="nextStep">
						<shortcut code="13" control="0" shift="0"/>
					</action>
					<action name="previousStep">
						<shortcut code="13" control="0" shift="1"/>
					</action>
					<action name="firstSlide">
						<shortcut code="36" control="1" shift="0"/>
					</action>
					<action name="lastSlide">
						<shortcut code="35" control="1" shift="0"/>
					</action>
					<action name="lastViewedSlide">
						<shortcut code="8" control="0" shift="0"/>
					</action>
					<action name="slideStart">
						<shortcut code="36" control="0" shift="0"/>
					</action>
					<action name="slideEnd">
						<shortcut code="35" control="0" shift="0"/>
					</action>
					<action name="seekForward">
						<shortcut code="39" control="0" shift="0"/>
					</action>
					<action name="seekBackward">
						<shortcut code="37" control="0" shift="0"/>
					</action>
					<action name="volumeUp">
						<shortcut code="38" control="0" shift="0"/>
					</action>
					<action name="volumeDown">
						<shortcut code="40" control="0" shift="0"/>
					</action>
					<action name="toggleFullscreen">
						<shortcut code="70" control="1" shift="0"/>
					</action>
				</actions>
			</keyboard>
			<mouse enabled="1" target="step"/>
			<gesture zoom="1"/>
		</navigation>
		<skin>
			<currentTemplate id="FULL"/>
			<colorSettings>
				<color id="button.content.normal">#FFFFFF</color>
				<color id="button.content.over">#FFFFFF</color>
				<color id="button.face.normal">#777777</color>
				<color id="button.face.over">#575757</color>
				<color id="companyLogo.background">#FFFFFF</color>
				<color id="hyperlink">#097CE7</color>
				<color id="listItem.face.over">#E8E8E8</color>
				<color id="listItem.face.pressed">#6E6E6E</color>
				<color id="listItem.label.over">#000000</color>
				<color id="listItem.label.pressed">#FFFFFF</color>
				<color id="listItem.label.visited">#A1A1A1</color>
				<color id="page.background">#8A8A8A</color>
				<color id="panel.background">#F7F7F7</color>
				<color id="panel.text">#323232</color>
				<color id="player.background">#D4D4D4</color>
				<color id="popup.background">#FFFFFF</color>
				<color id="progress.background">#6E6E6E</color>
				<color id="progress.loading">#D0D0D0</color>
				<color id="progress.playback">#A1A1A1</color>
				<color id="text">#4D4D4D</color>
			</colorSettings>
			<controlPanelSettings>
				<visible>true</visible>
				<showOutline>false</showOutline>
				<showPlayPause>true</showPlayPause>
				<showRewind>true</showRewind>
				<showVolumeControl>true</showVolumeControl>
				<showCCButton>false</showCCButton>
				<showPrevButton>true</showPrevButton>
				<showNextButton>true</showNextButton>
				<showSlideOnlyButton>true</showSlideOnlyButton>
				<progressBar>
					<visible>true</visible>
					<enabled>true</enabled>
					<showLabels>true</showLabels>
					<mode>slideTimeline</mode>
				</progressBar>
				<navigationMode>bySlides</navigationMode>
			</controlPanelSettings>
			<titlePanelSettings>
				<showLogo>false</showLogo>
				<visible>true</visible>
				<buttons>
					<button type="attachments" visible="true"/>
					<button type="presenterInfo" visible="true"/>
					<button type="markerTools" visible="true"/>
					<button type="notes" visible="false"/>
					<button type="outline" visible="false"/>
				</buttons>
			</titlePanelSettings>
			<outlinePanelSettings>
				<numberEntries>true</numberEntries>
				<highlightViewedEntries>true</highlightViewedEntries>
				<thumbnails>true</thumbnails>
				<search>true</search>
				<multilevel>true</multilevel>
			</outlinePanelSettings>
			<sidePanelSettings>
				<showAtLeft>false</showAtLeft>
				<showLogo>false</showLogo>
				<showPresenterInfo>false</showPresenterInfo>
				<showPresenterVideo>true</showPresenterVideo>
				<visible>true</visible>
				<tabsPanel>
					<showOutline>true</showOutline>
					<showNotes>true</showNotes>
				</tabsPanel>
			</sidePanelSettings>
		</skin>
		<appearance fullScreen="1" showSlidePreloader="1"/>
		<playback autoStart="1" syncWithVideoNarration="1" enableVideoControl="1" resumePresentationPlayback="never"/>
	</settings>
	<slides embedded="0">
		<slide index="0" title="Where is this ?" titleNormalized="where is this ?" src="slide1.swf" size="537463" advanceOnTime="0" framesCount="114" hasEmbeddedFlashClip="0" hidden="0" level="0" advanceOnClick="1" thumbnailAssetId="imgAsset0">
			<sounds>
				<sound id="sound0" soundAssetId="sndAsset0" hasTriggerEffects="1" slides="1" repeat="1" volume="0.8000000" effect="0"/>
				<sound id="sound1" soundAssetId="sndAsset1" hasTriggerEffects="1" slides="1" repeat="1" volume="0.8000000" effect="0"/>
				<sound id="sound2" soundAssetId="sndAsset1" hasTriggerEffects="1" slides="1" repeat="1" volume="0.8000000" effect="0"/>
				<sound id="sound3" soundAssetId="sndAsset2" hasTriggerEffects="1" effect="1"/>
			</sounds>
			<videos/>
			<transitionEffect name="" duration="0.0000000" soundId="" looped="0"/>
			<soundCommands/>
			<videoCommands/>
			<animationSteps>
				<step start="0" end="0" playTime="0.0010000" pauseTime="0.7370000"/>
				<step start="1" end="25" playTime="1.0000000" pauseTime="0.1580000"/>
				<step start="26" end="38" playTime="0.5000000" pauseTime="0.7700000"/>
				<step start="39" end="63" playTime="1.0000000" pauseTime="1.2909999"/>
				<step start="64" end="88" playTime="1.0000000" pauseTime="1.3650000"/>
				<step start="89" end="113" playTime="1.0000000" pauseTime="1.5090005"/>
			</animationSteps>
			<notes/>
			<notesNormalized/>
			<notesHtml/>
			<text>Where is this ?
A. This is a school
B. This is a hospital
C. This is a house</text>
		</slide>
		<slide index="1" title="" titleNormalized="" src="slide2.swf" size="103547" advanceOnTime="0" framesCount="295" hasEmbeddedFlashClip="0" hidden="0" level="0" advanceOnClick="1" thumbnailAssetId="imgAsset1">
			<sounds>
				<sound id="sound4" soundAssetId="sndAsset3" hasTriggerEffects="1" slides="1" repeat="1" volume="0.8000000" effect="0"/>
				<sound id="sound5" soundAssetId="sndAsset1" hasTriggerEffects="1" slides="1" repeat="1" volume="0.8000000" effect="0"/>
				<sound id="sound6" soundAssetId="sndAsset1" hasTriggerEffects="1" slides="1" repeat="1" volume="0.8000000" effect="0"/>
				<sound id="sound7" soundAssetId="sndAsset1" hasTriggerEffects="1" slides="1" repeat="1" volume="0.8000000" effect="0"/>
				<sound id="sound8" soundAssetId="sndAsset4" hasTriggerEffects="1" effect="1"/>
			</sounds>
			<videos/>
			<transitionEffect name="RandomBarsVertical" duration="1.0000000" soundId="" looped="0"/>
			<soundCommands/>
			<videoCommands/>
			<animationSteps>
				<step start="0" end="0" playTime="0.0010000" pauseTime="0.3180000"/>
				<step start="1" end="49" playTime="2.0000000" pauseTime="0.2509999"/>
				<step start="50" end="98" playTime="1.6150000" pauseTime="0.0000000"/>
				<step start="99" end="147" playTime="1.3210000" pauseTime="0.0000000"/>
				<step start="148" end="196" playTime="1.7390000" pauseTime="0.0000000"/>
				<step start="197" end="245" playTime="1.9500000" pauseTime="0.0000000"/>
				<step start="246" end="294" playTime="2.0000000" pauseTime="0.0170000"/>
			</animationSteps>
			<notes/>
			<notesNormalized/>
			<notesHtml/>
			<text>in front of
next to
behind
under
She is			the school boy</text>
		</slide>
		<slide index="2" title="Which vehicles are used by the students ?" titleNormalized="which vehicles are used by the students ?" src="slide3.swf" size="851923" advanceOnTime="0" framesCount="272" hasEmbeddedFlashClip="0" hidden="0" level="0" advanceOnClick="1" thumbnailAssetId="imgAsset2">
			<sounds>
				<sound id="sound9" soundAssetId="sndAsset3" hasTriggerEffects="1" slides="1" repeat="1" volume="0.8000000" effect="0"/>
				<sound id="sound10" soundAssetId="sndAsset0" hasTriggerEffects="1" slides="1" repeat="1" volume="0.8000000" effect="0"/>
				<sound id="sound11" soundAssetId="sndAsset5" hasTriggerEffects="1" slides="1" repeat="1" volume="0.8000000" effect="0"/>
				<sound id="sound12" soundAssetId="sndAsset1" hasTriggerEffects="1" slides="1" repeat="1" volume="0.8000000" effect="0"/>
				<sound id="sound13" soundAssetId="sndAsset2" hasTriggerEffects="1" effect="1"/>
			</sounds>
			<videos/>
			<transitionEffect name="Curtains" duration="0.1000000" soundId="" looped="0"/>
			<soundCommands/>
			<videoCommands/>
			<animationSteps>
				<step start="0" end="0" playTime="0.0010000" pauseTime="0.5840000"/>
				<step start="1" end="49" playTime="2.0000000" pauseTime="0.4530001"/>
				<step start="50" end="98" playTime="1.8400000" pauseTime="0.0000000"/>
				<step start="99" end="147" playTime="0.3170000" pauseTime="0.0000000"/>
				<step start="148" end="172" playTime="1.0000000" pauseTime="1.0469999"/>
				<step start="173" end="197" playTime="1.0000000" pauseTime="1.1880000"/>
				<step start="198" end="222" playTime="1.0000000" pauseTime="0.4370000"/>
				<step start="223" end="271" playTime="2.0000000" pauseTime="0.0209995"/>
			</animationSteps>
			<notes/>
			<notesNormalized/>
			<notesHtml/>
			<text>Which vehicles are used by the students ?</text>
		</slide>
	</slides>
</presentation>
